{
  "items": [
    {
      "type": "group",
      "ctime": 1755857521499,
      "items": [
        {
          "type": "group",
          "ctime": 1755857521499,
          "items": [],
          "title": "Accounts"
        },
        {
          "type": "group",
          "ctime": 1755857521499,
          "items": [
            {
              "type": "group",
              "ctime": 1755857521499,
              "items": [
                {
                  "type": "group",
                  "ctime": 1755857521499,
                  "items": [],
                  "title": "Logs"
                }
              ],
              "title": "Notes"
            }
          ],
          "title": "Units"
        },
        {
          "type": "group",
          "ctime": 1755857521499,
          "items": [
            {
              "type": "group",
              "ctime": 1755857521499,
              "items": [],
              "title": "Logs"
            }
          ],
          "title": "Notes"
        },
        {
          "type": "group",
          "ctime": 1755857521499,
          "items": [],
          "title": "Technical Reports"
        },
        {
          "type": "group",
          "ctime": 1755857521499,
          "items": [],
          "title": "Logs"
        },
        {
          "type": "group",
          "ctime": 1755857521499,
          "items": [],
          "title": "Pictures"
        },
        {
          "type": "group",
          "ctime": 1755857521499,
          "items": [],
          "title": "Shortcuts"
        },
        {
          "type": "group",
          "ctime": 1755857521499,
          "items": [],
          "title": "Templates"
        }
      ],
      "title": "sortspec"
    }
  ]
}