{
  "main": {
    "id": "d5908bcd3b5ad0ce",
    "type": "split",
    "children": [
      {
        "id": "9960293249be93b6",
        "type": "tabs",
        "children": [
          {
            "id": "f0f36e015e0f425d",
            "type": "leaf",
            "state": {
              "type": "markdown",
              "state": {
                "file": "MAIN.md",
                "mode": "source",
                "source": false,
                "backlinks": false
              },
              "icon": "lucide-file",
              "title": "MAIN"
            }
          }
        ]
      }
    ],
    "direction": "vertical"
  },
  "left": {
    "id": "62613b022bbc8760",
    "type": "split",
    "children": [
      {
        "id": "40d3c23080a11775",
        "type": "tabs",
        "children": [
          {
            "id": "709c24687776bfca",
            "type": "leaf",
            "state": {
              "type": "file-explorer",
              "state": {
                "sortOrder": "byCreatedTimeReverse",
                "autoReveal": false
              },
              "icon": "lucide-folder-closed",
              "title": "Files"
            }
          },
          {
            "id": "682c6707581d3eb6",
            "type": "leaf",
            "state": {
              "type": "bookmarks",
              "state": {},
              "icon": "lucide-bookmark",
              "title": "Bookmarks"
            }
          }
        ]
      }
    ],
    "direction": "horizontal",
    "width": 200
  },
  "right": {
    "id": "c5fb8d9208996164",
    "type": "split",
    "children": [
      {
        "id": "91adefd8370a5f9b",
        "type": "tabs",
        "dimension": 60.9447004608295,
        "children": [
          {
            "id": "237e3080ff8d681d",
            "type": "leaf",
            "state": {
              "type": "tag",
              "state": {
                "sortOrder": "frequency",
                "useHierarchy": true,
                "showSearch": false,
                "searchQuery": ""
              },
              "icon": "lucide-tags",
              "title": "Tags"
            }
          },
          {
            "id": "978be5e76100174a",
            "type": "leaf",
            "state": {
              "type": "outline",
              "state": {
                "file": "MAIN.md",
                "followCursor": false,
                "showSearch": false,
                "searchQuery": ""
              },
              "icon": "lucide-list",
              "title": "Outline of MAIN"
            }
          },
          {
            "id": "72661839ca4e4b63",
            "type": "leaf",
            "state": {
              "type": "outgoing-link",
              "state": {
                "file": "MAIN.md",
                "linksCollapsed": false,
                "unlinkedCollapsed": true
              },
              "icon": "links-going-out",
              "title": "Outgoing links from MAIN"
            }
          }
        ],
        "currentTab": 1
      },
      {
        "id": "eddd038ce099fb17",
        "type": "tabs",
        "dimension": 39.055299539170505,
        "children": [
          {
            "id": "8ca99c2692a25435",
            "type": "leaf",
            "state": {
              "type": "calendar",
              "state": {},
              "icon": "calendar-with-checkmark",
              "title": "Calendar"
            }
          }
        ]
      }
    ],
    "direction": "horizontal",
    "width": 285.5
  },
  "left-ribbon": {
    "hiddenItems": {
      "switcher:Open quick switcher": true,
      "canvas:Create new canvas": true,
      "daily-notes:Open today's daily note": false,
      "templates:Insert template": true,
      "command-palette:Open command palette": true,
      "graph:Open graph view": false,
      "custom-sort:Toggle custom sorting": false,
      "templater-obsidian:Templater": false
    }
  },
  "active": "f0f36e015e0f425d",
  "lastOpenFiles": [
    "Templates/ETX203AX Units Template.md",
    "Templates/Daily Notes Template.md",
    "MAIN.md",
    "Templates/Ibiza Units Template.md",
    "Accounts/RAD/ETX203AX",
    "Notes/Daily/2025 Aug 22nd, Friday.md",
    "Notes/Tasks/Every Work Day.md",
    "Notes/Tasks",
    "Notes/Inclusive",
    "Notes/Daily",
    "test.md",
    "Index of Ionics New.md",
    "Accounts/Index of Accounts.md",
    "_Index_of_Ionics New.md",
    "Daily Notes.md",
    "Technical Reports",
    "Shortcuts/Folder Shortcuts",
    "Shortcuts/Raw Data Export",
    "Shortcuts/Website Shortcuts",
    "Shortcuts/Programs",
    "Shortcuts",
    "ss.md",
    "Welcome.md"
  ]
}